repeated_times,Accuracy,Precision,Recall,F1,AUC,CV_list(AUC)
100,0.6944827586206895,0.5666803445820241,0.6510454128925767,0.5471623116069934,0.7045627582358818,"[0.7051282051282051, 0.7358490566037736, 0.7773584905660378, 0.6759259259259259, 0.7366946778711485, 0.7403846153846154, 0.7312500000000001, 0.6377358490566037, 0.680672268907563, 0.7211538461538461, 0.7532051282051282, 0.8011204481792717, 0.588235294117647, 0.7175, 0.690566037735849, 0.6506410256410257, 0.49358974358974356, 0.5375, 0.6378205128205128, 0.6830188679245284, 0.6145124716553287, 0.7619047619047619, 0.6125, 0.6666666666666667, 0.8108974358974359, 0.8044871794871795, 0.7169811320754718, 0.8181818181818181, 0.6134453781512605, 0.8867924528301887, 0.8878205128205128, 0.6275, 0.7333333333333333, 0.7759103641456583, 0.46759259259259256, 0.6958333333333333, 0.6750700280112045, 0.7358490566037736, 0.665, 0.8225, 0.7660377358490565, 0.7735849056603774, 0.6918767507002801, 0.7725000000000001, 0.7551020408163265, 0.592948717948718, 0.6264150943396226, 0.5972222222222222, 0.6716981132075472, 0.6386554621848739, 0.6759259259259258, 0.7916666666666667, 0.7301587301587301, 0.5544871794871795, 0.7824074074074074, 0.7732426303854876, 0.6851851851851852, 0.7824074074074074, 0.6174999999999999, 0.9272727272727274, 0.7346938775510204, 0.625, 0.6722689075630253, 0.7573696145124715, 0.655328798185941, 0.7056603773584906, 0.632495164410058, 0.7051282051282051, 0.6725, 0.7115384615384616, 0.6217948717948718, 0.7759103641456582, 0.7278911564625852, 0.8606060606060607, 0.6716981132075472, 0.75, 0.7142857142857143, 0.6528301886792452, 0.8975, 0.5875, 0.6891025641025641, 0.9090909090909092, 0.6428571428571428, 0.87, 0.5231481481481481, 0.48299319727891155, 0.7735849056603774, 0.7757575757575758, 0.6615087040618955, 0.7471698113207548, 0.6442577030812324, 0.6830188679245283, 0.6621315192743764, 0.6679245283018869, 0.5895691609977325, 0.7628205128205128, 0.7115384615384615, 0.6730769230769231, 0.6806722689075629, 0.8796296296296297]"
