repeated_times,Accuracy,Precision,Recall,F1,AUC,CV_list(AUC)
100,0.7020192307692308,0.5712811107422802,0.6429586298863805,0.5605043819464612,0.7052378089136869,"[0.8191039729501268, 0.7017045454545454, 0.6466610312764158, 0.7595238095238095, 0.7309782608695652, 0.7378277153558053, 0.5542553191489362, 0.7349206349206349, 0.7528409090909092, 0.7810650887573964, 0.7007936507936507, 0.6965002868617326, 0.8528645833333333, 0.724429416737109, 0.7810650887573964, 0.6456928838951311, 0.6627393225331369, 0.7565543071161049, 0.6491969568892646, 0.7161458333333334, 0.6957446808510639, 0.5914893617021277, 0.5742753623188406, 0.6871945259042033, 0.7010869565217391, 0.7545219638242895, 0.6077768385460693, 0.6681647940074906, 0.6871945259042034, 0.6931524547803618, 0.7336956521739131, 0.7649122807017543, 0.5824175824175825, 0.7789855072463769, 0.7468085106382978, 0.6190476190476191, 0.8088768115942029, 0.7302052785923753, 0.5808510638297872, 0.6059925093632959, 0.5629251700680272, 0.5632102272727273, 0.7730994152046784, 0.6906367041198501, 0.6970760233918128, 0.7165200391006842, 0.6784420289855073, 0.7920540997464074, 0.8526315789473684, 0.7048689138576779, 0.6614583333333334, 0.7732160312805474, 0.7111111111111111, 0.6277153558052434, 0.7133198106828939, 0.6973782771535582, 0.71875, 0.6695992179863147, 0.8393617021276596, 0.7853260869565217, 0.7776595744680852, 0.707936507936508, 0.578328173374613, 0.6921348314606741, 0.6951310861423221, 0.7345731191885039, 0.6339181286549708, 0.6979472140762464, 0.6569767441860466, 0.8053191489361702, 0.6901270772238515, 0.70772238514174, 0.6599250936329588, 0.7351063829787233, 0.7936507936507937, 0.7038043478260869, 0.7341153470185728, 0.8142857142857143, 0.6846999154691462, 0.7373188405797101, 0.7223178427997705, 0.8319148936170213, 0.7450284090909091, 0.6485507246376812, 0.7116477272727273, 0.711340206185567, 0.6568047337278107, 0.5597826086956521, 0.7791666666666667, 0.7251461988304093, 0.7403508771929824, 0.8021276595744681, 0.7092391304347826, 0.6594202898550724, 0.7373188405797102, 0.5980113636363636, 0.6897717666948435, 0.6362573099415204, 0.7265625, 0.6463826910074375]"
