repeated_times,Accuracy,Precision,Recall,F1,AUC,CV_list(AUC)
100,0.6338805970149255,0.5604839883570533,0.5856543054652321,0.550253267709804,0.6522831071095425,"[0.660436137071651, 0.6785714285714286, 0.6666666666666666, 0.6954128440366972, 0.5757798165137614, 0.6465905157493943, 0.6847426470588236, 0.5339901477832512, 0.5791666666666666, 0.6617250673854447, 0.6638975424022153, 0.6506531816266329, 0.6673974318822424, 0.6321974148061105, 0.63650607128868, 0.5788409703504043, 0.6555655565556555, 0.7046611829220525, 0.665282104534441, 0.5911926605504587, 0.6677350427350427, 0.6375000000000001, 0.6666666666666666, 0.6936656282450675, 0.6502463054187192, 0.6727215784528656, 0.6408730158730158, 0.6237452405676704, 0.6612179487179487, 0.5633027522935781, 0.6638176638176638, 0.683302752293578, 0.7427522935779817, 0.7302991993257479, 0.6727272727272727, 0.6173529411764705, 0.6798029556650247, 0.571743119266055, 0.6438235294117647, 0.5471813725490196, 0.7048517520215632, 0.7393939393939394, 0.6442307692307693, 0.6458982346832814, 0.7372377074851236, 0.6695897275289696, 0.6912878787878788, 0.690700808625337, 0.7638752052545156, 0.6125356125356125, 0.5844922039612305, 0.6816789215686274, 0.6559436274509803, 0.6836253369272236, 0.6013136288998358, 0.7450058754406581, 0.6314102564102565, 0.5652474904811353, 0.5905032467532467, 0.6527777777777778, 0.6352293577981651, 0.649928774928775, 0.6265151515151516, 0.6623853211009175, 0.5923529411764705, 0.6891743119266055, 0.7287735849056604, 0.7542892156862745, 0.6164762893734856, 0.7031192660550458, 0.5633423180592991, 0.6968272620446534, 0.7216981132075472, 0.6409090909090909, 0.6954695469546954, 0.6, 0.7347734773477348, 0.6693577981651376, 0.6714671467146714, 0.5958946078431373, 0.6339743589743589, 0.5453013063632532, 0.6552706552706553, 0.6357963875205254, 0.7907051282051283, 0.5155963302752293, 0.6360294117647058, 0.6805929919137467, 0.6654024441635061, 0.6995691343517432, 0.593859649122807, 0.5950134770889488, 0.6604269293924466, 0.6575963718820862, 0.6177617761776177, 0.6972477064220183, 0.6921100917431192, 0.6051703877790835, 0.5506410256410257, 0.7009082367679298]"
