repeated_times,Accuracy,Precision,Recall,F1,AUC,CV_list(AUC)
100,0.6821476510067115,0.6178497271446733,0.6841242759008828,0.6109085500006112,0.7317024681653264,"[0.757650579872802, 0.7566788099574986, 0.7358333333333333, 0.64725, 0.7421623643845866, 0.6906451612903226, 0.7541399572649572, 0.7954166666666667, 0.7139841304506078, 0.7505942135890501, 0.7106591962371169, 0.6786967418546366, 0.7071314933942034, 0.7548592377395035, 0.742137831652115, 0.770617816091954, 0.7595628415300547, 0.7106591962371168, 0.7282977104516843, 0.688068719516634, 0.6983451536643026, 0.7479399306892568, 0.7158119658119658, 0.7305833333333334, 0.7239571958943002, 0.7216112531969309, 0.7595833333333333, 0.6990373507893723, 0.6752393980848154, 0.7306778132939923, 0.7141666666666667, 0.7950806451612903, 0.7286290322580645, 0.737, 0.7746212121212122, 0.6703408380237648, 0.7673406139315231, 0.6977173318753416, 0.7532745891879019, 0.7363325325762539, 0.7264428038421847, 0.7609243697478991, 0.7058309674601441, 0.817167577413479, 0.6951741440377804, 0.6960084033613445, 0.7563037785260007, 0.7803458732890747, 0.6772270114942529, 0.6869834710743801, 0.7586001980851768, 0.7539396367521367, 0.7301907968574636, 0.7177871148459384, 0.73421372191864, 0.7175324675324676, 0.6877450980392157, 0.7106355099366674, 0.724437148217636, 0.7655876461846611, 0.7407407407407407, 0.7554817735353117, 0.7158599643977283, 0.7860522675984567, 0.698132183908046, 0.7369391971664699, 0.7315233785822022, 0.7882039365773646, 0.6934924913361571, 0.7297418630751964, 0.7844746716697936, 0.7442673072723303, 0.7206085753803596, 0.7423950712360416, 0.7454437568873442, 0.6663388246865011, 0.7168158567774936, 0.7164420485175204, 0.7414965986394558, 0.6965381937852035, 0.7123098201936375, 0.7868211334120425, 0.7591074681238617, 0.748155253837072, 0.7436676798378926, 0.7566091954022988, 0.7141772920461446, 0.6174999999999999, 0.7401881834364669, 0.7222100895392007, 0.7139006546014632, 0.7209770114942529, 0.7668537224092778, 0.713474025974026, 0.7763333333333333, 0.7479229989868288, 0.7146546635182999, 0.7310924369747899, 0.7994760657299358, 0.7584131558870899]"
