repeated_times,Accuracy,Precision,Recall,F1,AUC,CV_list(AUC)
100,0.8517910447761194,0.8138688670831038,0.69336603314247,0.7171618001427029,0.69336603314247,"[0.6618206992038767, 0.8729707792207793, 0.7442982456140351, 0.6616513761467889, 0.6, 0.7590861889927311, 0.8455882352941176, 0.7472906403940887, 0.7481060606060606, 0.7432614555256064, 0.5508826583592938, 0.6207332490518331, 0.7402129658628249, 0.7645906776341558, 0.6086956521739131, 0.7715633423180593, 0.7832283228322832, 0.7256169212690952, 0.6711664935964001, 0.6370642201834863, 0.7168803418803419, 0.7141025641025641, 0.5785256410256411, 0.5694011768778124, 0.7050903119868638, 0.7386470404008769, 0.5555555555555556, 0.7127033575631706, 0.6807692307692307, 0.6078899082568807, 0.6784188034188033, 0.58, 0.7187155963302753, 0.6207332490518331, 0.5520923520923521, 0.73, 0.7003284072249589, 0.52, 0.5391176470588235, 0.6933210784313726, 0.699123989218329, 0.7142857142857143, 0.6591880341880342, 0.7405676704742126, 0.6677106169746321, 0.7322267460068901, 0.5625, 0.7227088948787063, 0.6658456486042693, 0.7076210826210827, 0.8482932996207333, 0.7264093137254902, 0.7049632352941176, 0.73955525606469, 0.6331691297208539, 0.7338425381903644, 0.6830128205128205, 0.620110764970578, 0.7686688311688311, 0.7648467432950192, 0.7170642201834863, 0.6068376068376068, 0.5787878787878789, 0.6, 0.7152941176470589, 0.6862385321100917, 0.7931266846361186, 0.6522671568627451, 0.7358947732779509, 0.681651376146789, 0.7489892183288409, 0.699373286329808, 0.7584231805929919, 0.7526515151515151, 0.671917191719172, 0.6926282051282051, 0.7427242724272427, 0.7524770642201836, 0.5405040504050405, 0.6786151960784313, 0.7189102564102564, 0.7442056468605139, 0.7507122507122507, 0.7080459770114943, 0.735576923076923, 0.703302752293578, 0.6629901960784313, 0.6822776280323449, 0.7115465655288665, 0.7773207990599296, 0.6399122807017544, 0.7442722371967654, 0.7146141215106732, 0.7471655328798187, 0.6873687368736874, 0.6770642201834862, 0.7124770642201835, 0.7346259302781042, 0.7237179487179487, 0.6902599436266834]"
