repeated_times,Accuracy,Precision,Recall,F1,AUC,CV_list(AUC)
100,0.871006711409396,0.866126871391053,0.6850155326313918,0.7206802049218244,0.6850155326313918,"[0.6615787504676394, 0.7459775349119612, 0.6730833333333334, 0.65625, 0.659521137298915, 0.707983870967742, 0.6072382478632479, 0.6730833333333334, 0.7724029991992428, 0.7778460781903123, 0.669779345645708, 0.6192355889724311, 0.8131009199695648, 0.7475271494777617, 0.6323217767228957, 0.6013649425287356, 0.6327413479052824, 0.6639344262295082, 0.6761084595697586, 0.62742956977506, 0.7532252617359001, 0.7700038505968426, 0.7407184829059829, 0.7448333333333332, 0.6295042585717405, 0.6375319693094629, 0.6294166666666666, 0.6509433962264151, 0.6395348837209303, 0.6308089500860584, 0.6438333333333334, 0.6879838709677418, 0.66, 0.6398333333333334, 0.6266327063740857, 0.6690118824265165, 0.6345926800472255, 0.7670174958993986, 0.7799476065729936, 0.7599548664191599, 0.6528141621020878, 0.7810924369747899, 0.6872315643881488, 0.6460989678202794, 0.6366587957497049, 0.5978991596638655, 0.6715301159745605, 0.7102696500286861, 0.6123563218390805, 0.6407910271546635, 0.5923076923076923, 0.6185897435897436, 0.6392817059483726, 0.62703081232493, 0.6790376442015786, 0.649719598583235, 0.6499299719887954, 0.6754385964912281, 0.6518136335209507, 0.6492537313432836, 0.6420006071645417, 0.7763367226948883, 0.7008137662117487, 0.6604426002766252, 0.6316810344827587, 0.7382674144037781, 0.7485115503691355, 0.761481683980317, 0.6144782441278398, 0.6533482977927422, 0.5961538461538461, 0.6558200480454248, 0.7862706558928443, 0.7154408933384674, 0.7673137238280919, 0.6572412097369067, 0.7334398976982097, 0.6751636503658066, 0.7696500286861733, 0.7144168090627175, 0.6645919778699861, 0.6607142857142857, 0.6162720097146327, 0.700487012987013, 0.8019925700776764, 0.6854885057471265, 0.6533090467516697, 0.7518548387096774, 0.7373908620835805, 0.7821212782994832, 0.6845976126299577, 0.7422413793103447, 0.6454545454545455, 0.7767119244391971, 0.8093333333333332, 0.7555217831813575, 0.6366587957497049, 0.6645658263305322, 0.6548384536000635, 0.6961515639569382]"
